{
	"partitions" : [
		{
			"name" : "Top",
			"pins" : [
				{
					"name" : "s[0]",
					"strict" : false
				},
				{
					"name" : "s[1]",
					"strict" : false
				},
				{
					"name" : "s[2]",
					"strict" : false
				},
				{
					"name" : "s[3]",
					"strict" : false
				},
				{
					"name" : "s[4]",
					"strict" : false
				},
				{
					"name" : "s[5]",
					"strict" : false
				},
				{
					"name" : "s[6]",
					"strict" : false
				},
				{
					"name" : "s[7]",
					"strict" : false
				},
				{
					"name" : "s[8]",
					"strict" : false
				},
				{
					"name" : "s[9]",
					"strict" : false
				},
				{
					"name" : "s[10]",
					"strict" : false
				},
				{
					"name" : "s[11]",
					"strict" : false
				},
				{
					"name" : "s[12]",
					"strict" : false
				},
				{
					"name" : "s[13]",
					"strict" : false
				},
				{
					"name" : "s[14]",
					"strict" : false
				},
				{
					"name" : "s[15]",
					"strict" : false
				},
				{
					"name" : "s[16]",
					"strict" : false
				},
				{
					"name" : "s[17]",
					"strict" : false
				},
				{
					"name" : "s[18]",
					"strict" : false
				},
				{
					"name" : "s[19]",
					"strict" : false
				},
				{
					"name" : "s[20]",
					"strict" : false
				},
				{
					"name" : "s[21]",
					"strict" : false
				},
				{
					"name" : "s[22]",
					"strict" : false
				},
				{
					"name" : "s[23]",
					"strict" : false
				},
				{
					"name" : "s[24]",
					"strict" : false
				},
				{
					"name" : "s[25]",
					"strict" : false
				},
				{
					"name" : "s[26]",
					"strict" : false
				},
				{
					"name" : "s[27]",
					"strict" : false
				},
				{
					"name" : "s[28]",
					"strict" : false
				},
				{
					"name" : "s[29]",
					"strict" : false
				},
				{
					"name" : "s[30]",
					"strict" : false
				},
				{
					"name" : "s[31]",
					"strict" : false
				},
				{
					"name" : "s[32]",
					"strict" : false
				},
				{
					"name" : "s[33]",
					"strict" : false
				},
				{
					"name" : "s[34]",
					"strict" : false
				},
				{
					"name" : "s[35]",
					"strict" : false
				},
				{
					"name" : "s[36]",
					"strict" : false
				},
				{
					"name" : "s[37]",
					"strict" : false
				},
				{
					"name" : "s[38]",
					"strict" : false
				},
				{
					"name" : "s[39]",
					"strict" : false
				},
				{
					"name" : "s[40]",
					"strict" : false
				},
				{
					"name" : "s[41]",
					"strict" : false
				},
				{
					"name" : "s[42]",
					"strict" : false
				},
				{
					"name" : "s[43]",
					"strict" : false
				},
				{
					"name" : "s[44]",
					"strict" : false
				},
				{
					"name" : "s[45]",
					"strict" : false
				},
				{
					"name" : "s[46]",
					"strict" : false
				},
				{
					"name" : "s[47]",
					"strict" : false
				},
				{
					"name" : "s[48]",
					"strict" : false
				},
				{
					"name" : "s[49]",
					"strict" : false
				},
				{
					"name" : "s[50]",
					"strict" : false
				},
				{
					"name" : "s[51]",
					"strict" : false
				},
				{
					"name" : "s[52]",
					"strict" : false
				},
				{
					"name" : "s[53]",
					"strict" : false
				},
				{
					"name" : "s[54]",
					"strict" : false
				},
				{
					"name" : "s[55]",
					"strict" : false
				},
				{
					"name" : "s[56]",
					"strict" : false
				},
				{
					"name" : "s[57]",
					"strict" : false
				},
				{
					"name" : "s[58]",
					"strict" : false
				},
				{
					"name" : "s[59]",
					"strict" : false
				},
				{
					"name" : "s[60]",
					"strict" : false
				},
				{
					"name" : "s[61]",
					"strict" : false
				},
				{
					"name" : "s[62]",
					"strict" : false
				},
				{
					"name" : "s[63]",
					"strict" : false
				},
				{
					"name" : "overflow",
					"strict" : false
				},
				{
					"name" : "carryout",
					"strict" : false
				},
				{
					"name" : "a[0]",
					"strict" : false
				},
				{
					"name" : "b[0]",
					"strict" : false
				},
				{
					"name" : "a[1]",
					"strict" : false
				},
				{
					"name" : "b[1]",
					"strict" : false
				},
				{
					"name" : "sub",
					"strict" : false
				},
				{
					"name" : "a[2]",
					"strict" : false
				},
				{
					"name" : "b[2]",
					"strict" : false
				},
				{
					"name" : "a[3]",
					"strict" : false
				},
				{
					"name" : "b[3]",
					"strict" : false
				},
				{
					"name" : "a[4]",
					"strict" : false
				},
				{
					"name" : "b[4]",
					"strict" : false
				},
				{
					"name" : "a[5]",
					"strict" : false
				},
				{
					"name" : "b[5]",
					"strict" : false
				},
				{
					"name" : "a[6]",
					"strict" : false
				},
				{
					"name" : "b[6]",
					"strict" : false
				},
				{
					"name" : "a[7]",
					"strict" : false
				},
				{
					"name" : "b[7]",
					"strict" : false
				},
				{
					"name" : "a[8]",
					"strict" : false
				},
				{
					"name" : "b[8]",
					"strict" : false
				},
				{
					"name" : "a[9]",
					"strict" : false
				},
				{
					"name" : "b[9]",
					"strict" : false
				},
				{
					"name" : "a[10]",
					"strict" : false
				},
				{
					"name" : "b[10]",
					"strict" : false
				},
				{
					"name" : "a[11]",
					"strict" : false
				},
				{
					"name" : "b[11]",
					"strict" : false
				},
				{
					"name" : "a[12]",
					"strict" : false
				},
				{
					"name" : "b[12]",
					"strict" : false
				},
				{
					"name" : "a[13]",
					"strict" : false
				},
				{
					"name" : "b[13]",
					"strict" : false
				},
				{
					"name" : "a[14]",
					"strict" : false
				},
				{
					"name" : "b[14]",
					"strict" : false
				},
				{
					"name" : "a[15]",
					"strict" : false
				},
				{
					"name" : "b[15]",
					"strict" : false
				},
				{
					"name" : "a[16]",
					"strict" : false
				},
				{
					"name" : "b[16]",
					"strict" : false
				},
				{
					"name" : "a[17]",
					"strict" : false
				},
				{
					"name" : "b[17]",
					"strict" : false
				},
				{
					"name" : "a[18]",
					"strict" : false
				},
				{
					"name" : "b[18]",
					"strict" : false
				},
				{
					"name" : "a[19]",
					"strict" : false
				},
				{
					"name" : "b[19]",
					"strict" : false
				},
				{
					"name" : "a[20]",
					"strict" : false
				},
				{
					"name" : "b[20]",
					"strict" : false
				},
				{
					"name" : "a[21]",
					"strict" : false
				},
				{
					"name" : "b[21]",
					"strict" : false
				},
				{
					"name" : "a[22]",
					"strict" : false
				},
				{
					"name" : "b[22]",
					"strict" : false
				},
				{
					"name" : "a[23]",
					"strict" : false
				},
				{
					"name" : "b[23]",
					"strict" : false
				},
				{
					"name" : "a[24]",
					"strict" : false
				},
				{
					"name" : "b[24]",
					"strict" : false
				},
				{
					"name" : "a[25]",
					"strict" : false
				},
				{
					"name" : "b[25]",
					"strict" : false
				},
				{
					"name" : "a[26]",
					"strict" : false
				},
				{
					"name" : "b[26]",
					"strict" : false
				},
				{
					"name" : "a[27]",
					"strict" : false
				},
				{
					"name" : "b[27]",
					"strict" : false
				},
				{
					"name" : "a[28]",
					"strict" : false
				},
				{
					"name" : "b[28]",
					"strict" : false
				},
				{
					"name" : "a[29]",
					"strict" : false
				},
				{
					"name" : "b[29]",
					"strict" : false
				},
				{
					"name" : "a[30]",
					"strict" : false
				},
				{
					"name" : "b[30]",
					"strict" : false
				},
				{
					"name" : "a[31]",
					"strict" : false
				},
				{
					"name" : "b[31]",
					"strict" : false
				},
				{
					"name" : "a[32]",
					"strict" : false
				},
				{
					"name" : "b[32]",
					"strict" : false
				},
				{
					"name" : "a[33]",
					"strict" : false
				},
				{
					"name" : "b[33]",
					"strict" : false
				},
				{
					"name" : "a[34]",
					"strict" : false
				},
				{
					"name" : "b[34]",
					"strict" : false
				},
				{
					"name" : "a[35]",
					"strict" : false
				},
				{
					"name" : "b[35]",
					"strict" : false
				},
				{
					"name" : "a[36]",
					"strict" : false
				},
				{
					"name" : "b[36]",
					"strict" : false
				},
				{
					"name" : "a[37]",
					"strict" : false
				},
				{
					"name" : "b[37]",
					"strict" : false
				},
				{
					"name" : "a[38]",
					"strict" : false
				},
				{
					"name" : "b[38]",
					"strict" : false
				},
				{
					"name" : "a[39]",
					"strict" : false
				},
				{
					"name" : "b[39]",
					"strict" : false
				},
				{
					"name" : "a[40]",
					"strict" : false
				},
				{
					"name" : "b[40]",
					"strict" : false
				},
				{
					"name" : "a[41]",
					"strict" : false
				},
				{
					"name" : "b[41]",
					"strict" : false
				},
				{
					"name" : "a[42]",
					"strict" : false
				},
				{
					"name" : "b[42]",
					"strict" : false
				},
				{
					"name" : "a[43]",
					"strict" : false
				},
				{
					"name" : "b[43]",
					"strict" : false
				},
				{
					"name" : "a[44]",
					"strict" : false
				},
				{
					"name" : "b[44]",
					"strict" : false
				},
				{
					"name" : "a[45]",
					"strict" : false
				},
				{
					"name" : "b[45]",
					"strict" : false
				},
				{
					"name" : "a[46]",
					"strict" : false
				},
				{
					"name" : "b[46]",
					"strict" : false
				},
				{
					"name" : "a[47]",
					"strict" : false
				},
				{
					"name" : "b[47]",
					"strict" : false
				},
				{
					"name" : "a[48]",
					"strict" : false
				},
				{
					"name" : "b[48]",
					"strict" : false
				},
				{
					"name" : "a[49]",
					"strict" : false
				},
				{
					"name" : "b[49]",
					"strict" : false
				},
				{
					"name" : "a[50]",
					"strict" : false
				},
				{
					"name" : "b[50]",
					"strict" : false
				},
				{
					"name" : "a[51]",
					"strict" : false
				},
				{
					"name" : "b[51]",
					"strict" : false
				},
				{
					"name" : "a[52]",
					"strict" : false
				},
				{
					"name" : "b[52]",
					"strict" : false
				},
				{
					"name" : "a[53]",
					"strict" : false
				},
				{
					"name" : "b[53]",
					"strict" : false
				},
				{
					"name" : "a[54]",
					"strict" : false
				},
				{
					"name" : "b[54]",
					"strict" : false
				},
				{
					"name" : "a[55]",
					"strict" : false
				},
				{
					"name" : "b[55]",
					"strict" : false
				},
				{
					"name" : "a[56]",
					"strict" : false
				},
				{
					"name" : "b[56]",
					"strict" : false
				},
				{
					"name" : "a[57]",
					"strict" : false
				},
				{
					"name" : "b[57]",
					"strict" : false
				},
				{
					"name" : "a[58]",
					"strict" : false
				},
				{
					"name" : "b[58]",
					"strict" : false
				},
				{
					"name" : "a[59]",
					"strict" : false
				},
				{
					"name" : "b[59]",
					"strict" : false
				},
				{
					"name" : "a[60]",
					"strict" : false
				},
				{
					"name" : "b[60]",
					"strict" : false
				},
				{
					"name" : "a[61]",
					"strict" : false
				},
				{
					"name" : "b[61]",
					"strict" : false
				},
				{
					"name" : "a[62]",
					"strict" : false
				},
				{
					"name" : "b[62]",
					"strict" : false
				},
				{
					"name" : "a[63]",
					"strict" : false
				},
				{
					"name" : "b[63]",
					"strict" : false
				}
			]
		}
	]
}