{
	"partitions" : [
		{
			"name" : "Top",
			"pins" : [
				{
					"name" : "zero",
					"strict" : false
				},
				{
					"name" : "overflow",
					"strict" : false
				},
				{
					"name" : "negative",
					"strict" : false
				},
				{
					"name" : "carry_out",
					"strict" : false
				},
				{
					"name" : "reset",
					"strict" : false
				},
				{
					"name" : "zero_in",
					"strict" : false
				},
				{
					"name" : "clk",
					"strict" : false
				},
				{
					"name" : "en",
					"strict" : false
				},
				{
					"name" : "oflow_in",
					"strict" : false
				},
				{
					"name" : "neg_in",
					"strict" : false
				},
				{
					"name" : "cout_in",
					"strict" : false
				}
			]
		}
	]
}